{
    "loss": 0.1865377575159073,
    "accuracy": 0.9117646813392639
}